date,pm25
2020-01-17T00:00:00.000Z,1.61
2020-01-20T00:00:00.000Z,10.0
2020-01-21T00:00:00.000Z,20.91
2020-01-22T00:00:00.000Z,20.83
2020-01-23T00:00:00.000Z,64.72
2020-01-24T00:00:00.000Z,66.55
2020-01-25T00:00:00.000Z,154.6
2020-01-26T00:00:00.000Z,66.23
2020-01-27T00:00:00.000Z,30.05
2020-01-28T00:00:00.000Z,94.71
2020-01-29T00:00:00.000Z,6.96
2020-01-30T00:00:00.000Z,4.99
2020-01-31T00:00:00.000Z,20.38
2020-02-01T00:00:00.000Z,50.76
2020-02-02T00:00:00.000Z,80.59
2020-02-03T00:00:00.000Z,67.97
2020-02-04T00:00:00.000Z,5.09
2020-02-05T00:00:00.000Z,1.76
2020-02-06T00:00:00.000Z,1.81
2020-02-07T00:00:00.000Z,4.3
2020-02-08T00:00:00.000Z,37.9
2020-02-09T00:00:00.000Z,32.79
2020-02-10T00:00:00.000Z,59.61
2020-02-11T00:00:00.000Z,5.77
2020-02-12T00:00:00.000Z,1.09
2020-02-13T00:00:00.000Z,4.87
2020-02-14T00:00:00.000Z,28.02
2020-02-15T00:00:00.000Z,7.22
2020-02-16T00:00:00.000Z,58.21
2020-02-17T00:00:00.000Z,39.79
2020-02-18T00:00:00.000Z,64.03
2020-02-19T00:00:00.000Z,36.59
2020-02-20T00:00:00.000Z,22.84
2020-02-21T00:00:00.000Z,14.26
2020-02-22T00:00:00.000Z,38.08
2020-02-23T00:00:00.000Z,35.81
2020-02-24T00:00:00.000Z,44.16
2020-02-25T00:00:00.000Z,50.79
2020-02-26T00:00:00.000Z,1.74
2020-02-27T00:00:00.000Z,0.48
2020-02-28T00:00:00.000Z,1.17
2020-02-29T00:00:00.000Z,2.9
2020-03-01T00:00:00.000Z,20.85
2020-03-02T00:00:00.000Z,4.07
2020-03-03T00:00:00.000Z,4.54
2020-03-04T00:00:00.000Z,3.22
2020-03-05T00:00:00.000Z,9.63
2020-03-06T00:00:00.000Z,11.57
2020-03-07T00:00:00.000Z,5.62
2020-03-08T00:00:00.000Z,4.04
2020-03-09T00:00:00.000Z,5.7
2020-03-10T00:00:00.000Z,9.06
2020-03-11T00:00:00.000Z,10.77
2020-03-12T00:00:00.000Z,23.36
2020-03-13T00:00:00.000Z,12.22
2020-03-14T00:00:00.000Z,3.07
2020-03-15T00:00:00.000Z,2.47
2020-03-16T00:00:00.000Z,4.18
2020-03-17T00:00:00.000Z,10.89
2020-03-18T00:00:00.000Z,17.57
2020-03-19T00:00:00.000Z,18.59
2020-03-20T00:00:00.000Z,23.26
2020-03-21T00:00:00.000Z,12.35
2020-03-22T00:00:00.000Z,4.76
2020-03-23T00:00:00.000Z,1.64
2020-03-24T00:00:00.000Z,3.44
2020-03-25T00:00:00.000Z,3.26
2020-03-26T00:00:00.000Z,14.5
2020-03-27T00:00:00.000Z,16.78
2020-03-28T00:00:00.000Z,10.5
2020-03-29T00:00:00.000Z,8.46
2020-03-30T00:00:00.000Z,4.18
2020-03-31T00:00:00.000Z,2.54
2020-04-01T00:00:00.000Z,3.85
2020-04-03T00:00:00.000Z,5.91
2020-04-04T00:00:00.000Z,10.24
2020-04-05T00:00:00.000Z,6.28
2020-04-06T00:00:00.000Z,8.13
2020-04-07T00:00:00.000Z,7.61
2020-04-08T00:00:00.000Z,4.51
2020-04-09T00:00:00.000Z,3.82
2020-04-10T00:00:00.000Z,6.3
2020-04-11T00:00:00.000Z,6.4
2020-04-12T00:00:00.000Z,3.65
2020-04-13T00:00:00.000Z,6.09
2020-04-14T00:00:00.000Z,3.75
2020-04-15T00:00:00.000Z,3.78
2020-04-16T00:00:00.000Z,4.55
2020-04-17T00:00:00.000Z,7.01
2020-04-18T00:00:00.000Z,5.95
2020-04-19T00:00:00.000Z,8.81
2020-04-20T00:00:00.000Z,9.55
2020-04-21T00:00:00.000Z,10.1
2020-04-22T00:00:00.000Z,4.51
2020-04-23T00:00:00.000Z,5.75
2020-04-24T00:00:00.000Z,6.72
2020-04-25T00:00:00.000Z,3.17
2020-04-26T00:00:00.000Z,2.66
2020-04-27T00:00:00.000Z,2.91
2020-04-28T00:00:00.000Z,1.58
2020-04-29T00:00:00.000Z,2.5
2020-04-30T00:00:00.000Z,1.3
2020-05-01T00:00:00.000Z,1.24
2020-05-02T00:00:00.000Z,2.04
2020-05-03T00:00:00.000Z,1.23
2020-05-04T00:00:00.000Z,0.92
2020-05-05T00:00:00.000Z,1.78
2020-05-06T00:00:00.000Z,2.56
2020-05-07T00:00:00.000Z,2.25
2020-05-08T00:00:00.000Z,1.65
2020-05-09T00:00:00.000Z,1.17
2020-05-10T00:00:00.000Z,2.72
2020-05-11T00:00:00.000Z,1.25
2020-05-12T00:00:00.000Z,1.03
2020-05-13T00:00:00.000Z,7.07
2020-05-14T00:00:00.000Z,10.86
2020-05-15T00:00:00.000Z,0.75
2020-05-16T00:00:00.000Z,6.84
2020-05-17T00:00:00.000Z,7.6
2020-05-18T00:00:00.000Z,8.11
2020-05-19T00:00:00.000Z,17.12
2020-05-20T00:00:00.000Z,4.04
2020-05-21T00:00:00.000Z,2.44
2020-05-22T00:00:00.000Z,1.84
2020-05-23T00:00:00.000Z,2.12
2020-05-24T00:00:00.000Z,1.2
2020-05-25T00:00:00.000Z,1.0
2020-05-26T00:00:00.000Z,0.8
2020-05-27T00:00:00.000Z,0.77
2020-05-28T00:00:00.000Z,1.3
2020-05-29T00:00:00.000Z,1.2
2020-05-30T00:00:00.000Z,2.4
2020-05-31T00:00:00.000Z,2.04
2020-06-01T00:00:00.000Z,1.12
2020-06-02T00:00:00.000Z,1.27
2020-06-03T00:00:00.000Z,1.52
2020-06-04T00:00:00.000Z,1.67
2020-06-05T00:00:00.000Z,1.86
2020-06-06T00:00:00.000Z,1.48
2020-06-07T00:00:00.000Z,1.3
2020-06-08T00:00:00.000Z,5.9
2020-06-09T00:00:00.000Z,1.95
2020-06-10T00:00:00.000Z,0.97
2020-06-11T00:00:00.000Z,2.02
2020-06-12T00:00:00.000Z,1.6
2020-06-13T00:00:00.000Z,1.3
2020-06-14T00:00:00.000Z,0.7
2020-06-15T00:00:00.000Z,1.3
2020-06-16T00:00:00.000Z,2.0
2020-06-17T00:00:00.000Z,2.29
2020-06-18T00:00:00.000Z,1.25
2020-06-19T00:00:00.000Z,0.9
2020-06-20T00:00:00.000Z,0.9
2020-06-21T00:00:00.000Z,1.05
2020-06-22T00:00:00.000Z,1.0
2020-06-23T00:00:00.000Z,1.25
2020-06-24T00:00:00.000Z,2.0
2020-06-25T00:00:00.000Z,2.72
2020-06-26T00:00:00.000Z,2.7
2020-06-27T00:00:00.000Z,2.2
2020-06-28T00:00:00.000Z,3.08
2020-06-29T00:00:00.000Z,2.27
2020-06-30T00:00:00.000Z,3.08
2020-07-01T00:00:00.000Z,3.08
2020-07-02T00:00:00.000Z,4.9
2020-07-03T00:00:00.000Z,2.04
2020-07-04T00:00:00.000Z,1.52
2020-07-05T00:00:00.000Z,1.44
2020-07-06T00:00:00.000Z,1.8
2020-07-07T00:00:00.000Z,1.5
2020-07-08T00:00:00.000Z,1.23
2020-07-09T00:00:00.000Z,1.48
2020-07-10T00:00:00.000Z,2.2
2020-07-11T00:00:00.000Z,3.55
2020-07-12T00:00:00.000Z,1.42
2020-07-13T00:00:00.000Z,1.0
2020-07-14T00:00:00.000Z,1.2
2020-07-15T00:00:00.000Z,1.3
2020-07-16T00:00:00.000Z,2.62
2020-07-17T00:00:00.000Z,2.6
2020-07-18T00:00:00.000Z,0.8
2020-07-19T00:00:00.000Z,0.77
2020-07-20T00:00:00.000Z,1.8
2020-07-21T00:00:00.000Z,2.4
2020-07-22T00:00:00.000Z,5.72
2020-07-23T00:00:00.000Z,2.8
2020-07-24T00:00:00.000Z,3.5
2020-07-25T00:00:00.000Z,2.59
2020-07-26T00:00:00.000Z,1.1
2020-07-27T00:00:00.000Z,1.7
2020-07-28T00:00:00.000Z,2.65
2020-07-29T00:00:00.000Z,4.5
2020-07-30T00:00:00.000Z,5.2
2020-07-31T00:00:00.000Z,6.87
2020-08-01T00:00:00.000Z,6.65
2020-08-02T00:00:00.000Z,6.47
2020-08-03T00:00:00.000Z,3.7
2020-08-04T00:00:00.000Z,0.9
2020-08-05T00:00:00.000Z,1.17
2020-08-06T00:00:00.000Z,2.47
2020-08-07T00:00:00.000Z,4.34
2020-08-08T00:00:00.000Z,4.38
2020-08-09T00:00:00.000Z,4.87
2020-08-10T00:00:00.000Z,5.85
2020-08-11T00:00:00.000Z,7.28
2020-08-12T00:00:00.000Z,6.95
2020-08-13T00:00:00.000Z,7.8
2020-08-14T00:00:00.000Z,5.54
2020-08-15T00:00:00.000Z,7.22
2020-08-16T00:00:00.000Z,4.92
2020-08-17T00:00:00.000Z,3.78
2020-08-18T00:00:00.000Z,3.1
2020-08-19T00:00:00.000Z,3.3
2020-08-20T00:00:00.000Z,2.29
2020-08-21T00:00:00.000Z,2.1
2020-08-22T00:00:00.000Z,1.9
2020-08-23T00:00:00.000Z,2.67
2020-08-24T00:00:00.000Z,2.25
2020-08-25T00:00:00.000Z,1.45
2020-08-26T00:00:00.000Z,2.47
2020-08-27T00:00:00.000Z,3.66
2020-08-28T00:00:00.000Z,1.8
2020-08-29T00:00:00.000Z,2.47
2020-08-30T00:00:00.000Z,1.27
2020-08-31T00:00:00.000Z,1.45
2020-09-01T00:00:00.000Z,0.7
2020-09-02T00:00:00.000Z,1.3
2020-09-03T00:00:00.000Z,1.67
2020-09-04T00:00:00.000Z,1.3
2020-09-05T00:00:00.000Z,1.52
2020-09-06T00:00:00.000Z,1.17
2020-09-07T00:00:00.000Z,2.5
2020-09-08T00:00:00.000Z,4.43
2020-09-09T00:00:00.000Z,4.05
2020-09-10T00:00:00.000Z,4.9
2020-09-11T00:00:00.000Z,8.98
2020-09-12T00:00:00.000Z,8.15
2020-09-13T00:00:00.000Z,9.48
2020-09-14T00:00:00.000Z,10.3
2020-09-15T00:00:00.000Z,10.0
2020-09-16T00:00:00.000Z,13.24
2020-09-17T00:00:00.000Z,12.15
2020-09-18T00:00:00.000Z,9.88
2020-09-19T00:00:00.000Z,6.47
2020-09-20T00:00:00.000Z,7.37
2020-09-21T00:00:00.000Z,8.6
2020-09-22T00:00:00.000Z,10.52
2020-09-23T00:00:00.000Z,1.52
2020-09-24T00:00:00.000Z,1.77
2020-09-25T00:00:00.000Z,1.7
2020-09-26T00:00:00.000Z,0.5
2020-09-27T00:00:00.000Z,0.8
2020-09-28T00:00:00.000Z,0.9
2020-09-29T00:00:00.000Z,1.9
2020-09-30T00:00:00.000Z,2.42
2020-10-01T00:00:00.000Z,2.46
2020-10-02T00:00:00.000Z,3.1
2020-10-03T00:00:00.000Z,0.9
2020-10-04T00:00:00.000Z,0.9
2020-10-05T00:00:00.000Z,1.0
2020-10-06T00:00:00.000Z,1.48
2020-10-07T00:00:00.000Z,7.18
2020-10-08T00:00:00.000Z,2.4
2020-10-09T00:00:00.000Z,21.19
2020-10-10T00:00:00.000Z,13.93
2020-10-11T00:00:00.000Z,1.87
2020-10-12T00:00:00.000Z,2.2
2020-10-13T00:00:00.000Z,1.73
2020-10-14T00:00:00.000Z,3.58
2020-10-15T00:00:00.000Z,8.72
2020-10-16T00:00:00.000Z,6.68
2020-10-17T00:00:00.000Z,4.15
2020-10-18T00:00:00.000Z,6.65
2020-10-19T00:00:00.000Z,12.93
2020-10-20T00:00:00.000Z,13.3
2020-10-21T00:00:00.000Z,18.72
2020-10-22T00:00:00.000Z,29.25
2020-10-23T00:00:00.000Z,84.82
2020-10-24T00:00:00.000Z,67.15
2020-10-25T00:00:00.000Z,18.1
2020-10-26T00:00:00.000Z,1.5
2020-10-27T00:00:00.000Z,1.3
2020-10-28T00:00:00.000Z,3.6
2020-10-29T00:00:00.000Z,3.19
2020-10-30T00:00:00.000Z,10.19
2020-10-31T00:00:00.000Z,25.5
2020-11-01T00:00:00.000Z,29.77
2020-11-02T00:00:00.000Z,45.52
2020-11-03T00:00:00.000Z,63.63
2020-11-04T00:00:00.000Z,54.0
2020-11-05T00:00:00.000Z,8.5
2020-11-06T00:00:00.000Z,7.25
2020-11-07T00:00:00.000Z,19.09
2020-11-08T00:00:00.000Z,29.04
2020-11-09T00:00:00.000Z,15.93
2020-11-10T00:00:00.000Z,35.07
2020-11-11T00:00:00.000Z,65.43
2020-11-12T00:00:00.000Z,39.69
2020-11-13T00:00:00.000Z,48.58
2020-11-14T00:00:00.000Z,82.68
2020-11-15T00:00:00.000Z,53.5
2020-11-16T00:00:00.000Z,44.97
2020-11-17T00:00:00.000Z,21.97
2020-11-18T00:00:00.000Z,19.95
2020-11-19T00:00:00.000Z,16.7
2020-11-20T00:00:00.000Z,4.69
2020-11-21T00:00:00.000Z,1.82
2020-11-22T00:00:00.000Z,3.97
2020-11-23T00:00:00.000Z,4.59
2020-11-24T00:00:00.000Z,16.89
2020-11-25T00:00:00.000Z,22.35
2020-11-26T00:00:00.000Z,57.03
2020-11-27T00:00:00.000Z,81.81
2020-11-28T00:00:00.000Z,152.07
2020-11-29T00:00:00.000Z,117.02
2020-11-30T00:00:00.000Z,17.64
2020-12-01T00:00:00.000Z,22.35
2020-12-02T00:00:00.000Z,30.62
2020-12-03T00:00:00.000Z,12.96
2020-12-04T00:00:00.000Z,15.75
2020-12-05T00:00:00.000Z,21.58
2020-12-06T00:00:00.000Z,23.85
2020-12-07T00:00:00.000Z,0.93
2020-12-08T00:00:00.000Z,10.95
2020-12-09T00:00:00.000Z,5.72
2020-12-10T00:00:00.000Z,25.65
2020-12-11T00:00:00.000Z,48.9
2020-12-12T00:00:00.000Z,53.2
2020-12-13T00:00:00.000Z,16.23
2020-12-14T00:00:00.000Z,21.3
2020-12-15T00:00:00.000Z,18.35
2020-12-16T00:00:00.000Z,24.92
2020-12-17T00:00:00.000Z,41.08
2020-12-18T00:00:00.000Z,72.64
2020-12-19T00:00:00.000Z,54.3
2020-12-20T00:00:00.000Z,51.09
2020-12-21T00:00:00.000Z,39.38
2020-12-22T00:00:00.000Z,38.35
2020-12-23T00:00:00.000Z,38.53
2020-12-24T00:00:00.000Z,91.32
2020-12-25T00:00:00.000Z,20.8
2020-12-26T00:00:00.000Z,3.17
2020-12-27T00:00:00.000Z,5.97
2020-12-28T00:00:00.000Z,7.32
2020-12-29T00:00:00.000Z,13.23
2020-12-30T00:00:00.000Z,42.22
2020-12-31T00:00:00.000Z,12.02
2021-01-01T00:00:00.000Z,80.31
2021-01-02T00:00:00.000Z,36.88
2021-01-03T00:00:00.000Z,17.05
2021-01-04T00:00:00.000Z,21.75
2021-01-05T00:00:00.000Z,15.02
2021-01-06T00:00:00.000Z,23.45
2021-01-07T00:00:00.000Z,20.3
2021-01-08T00:00:00.000Z,33.25
2021-01-09T00:00:00.000Z,21.53
2021-01-10T00:00:00.000Z,23.07
2021-01-11T00:00:00.000Z,12.27
2021-01-12T00:00:00.000Z,12.94
2021-01-13T00:00:00.000Z,19.48
2021-01-14T00:00:00.000Z,32.03
2021-01-15T00:00:00.000Z,17.39
2021-01-16T00:00:00.000Z,10.22
2021-01-17T00:00:00.000Z,23.63
2021-01-18T00:00:00.000Z,66.84
2021-01-19T00:00:00.000Z,82.26
2021-01-20T00:00:00.000Z,90.13
2021-01-21T00:00:00.000Z,105.57
2021-01-22T00:00:00.000Z,99.13
2021-01-23T00:00:00.000Z,1.4
2021-01-24T00:00:00.000Z,23.48
2021-01-25T00:00:00.000Z,8.19
2021-01-26T00:00:00.000Z,1.21
2021-01-27T00:00:00.000Z,3.07
2021-01-28T00:00:00.000Z,4.63
2021-01-29T00:00:00.000Z,26.67
2021-01-30T00:00:00.000Z,34.76
2021-01-31T00:00:00.000Z,35.79
2021-02-01T00:00:00.000Z,12.65
2021-02-02T00:00:00.000Z,36.53
2021-02-03T00:00:00.000Z,68.95
2021-02-04T00:00:00.000Z,37.96
2021-02-05T00:00:00.000Z,51.0
2021-02-06T00:00:00.000Z,41.55
2021-02-07T00:00:00.000Z,39.65
2021-02-08T00:00:00.000Z,3.34
2021-02-09T00:00:00.000Z,21.93
2021-02-10T00:00:00.000Z,3.8
2021-02-11T00:00:00.000Z,8.98
2021-02-12T00:00:00.000Z,5.88
2021-02-13T00:00:00.000Z,3.53
2021-02-14T00:00:00.000Z,5.7
2021-02-15T00:00:00.000Z,3.5
2021-02-16T00:00:00.000Z,3.9
2021-02-17T00:00:00.000Z,30.69
2021-02-18T00:00:00.000Z,58.28
2021-02-19T00:00:00.000Z,54.05
2021-02-20T00:00:00.000Z,56.75
2021-02-21T00:00:00.000Z,33.92
2021-02-22T00:00:00.000Z,28.45
2021-02-23T00:00:00.000Z,46.65
2021-02-24T00:00:00.000Z,17.17
2021-02-25T00:00:00.000Z,11.93
2021-02-26T00:00:00.000Z,12.65
2021-02-27T00:00:00.000Z,7.85
2021-02-28T00:00:00.000Z,4.37
2021-03-01T00:00:00.000Z,5.95
2021-03-02T00:00:00.000Z,12.9
2021-03-03T00:00:00.000Z,15.95
2021-03-04T00:00:00.000Z,14.05
2021-03-05T00:00:00.000Z,10.35
2021-03-06T00:00:00.000Z,3.6
2021-03-07T00:00:00.000Z,4.82
2021-03-08T00:00:00.000Z,11.38
2021-03-09T00:00:00.000Z,20.19
2021-03-10T00:00:00.000Z,12.93
2021-03-11T00:00:00.000Z,12.23
2021-03-12T00:00:00.000Z,36.13
2021-03-13T00:00:00.000Z,2.75
2021-03-14T00:00:00.000Z,1.4
2021-03-15T00:00:00.000Z,1.63
2021-03-16T00:00:00.000Z,1.29
2021-03-17T00:00:00.000Z,1.5
2021-03-18T00:00:00.000Z,1.5
2021-03-19T00:00:00.000Z,4.5
2021-03-20T00:00:00.000Z,5.3
2021-03-21T00:00:00.000Z,4.07
2021-03-22T00:00:00.000Z,3.22
2021-03-23T00:00:00.000Z,1.63
2021-03-24T00:00:00.000Z,10.28
2021-03-25T00:00:00.000Z,11.38
2021-03-26T00:00:00.000Z,16.22
2021-03-27T00:00:00.000Z,10.13
2021-03-28T00:00:00.000Z,5.32
2021-03-29T00:00:00.000Z,8.07
2021-03-30T00:00:00.000Z,9.66
2021-03-31T00:00:00.000Z,3.54
2021-04-01T00:00:00.000Z,3.88
2021-04-02T00:00:00.000Z,1.95
2021-04-03T00:00:00.000Z,2.29
2021-04-04T00:00:00.000Z,1.52
2021-04-05T00:00:00.000Z,1.73
2021-04-06T00:00:00.000Z,1.65
2021-04-07T00:00:00.000Z,2.04
2021-04-08T00:00:00.000Z,1.6
2021-04-09T00:00:00.000Z,1.42
2021-04-10T00:00:00.000Z,1.5
2021-04-11T00:00:00.000Z,16.98
2021-04-12T00:00:00.000Z,22.84
2021-04-13T00:00:00.000Z,0.93
2021-04-14T00:00:00.000Z,2.1
2021-04-15T00:00:00.000Z,3.45
2021-04-16T00:00:00.000Z,4.21
2021-04-17T00:00:00.000Z,3.64
2021-04-18T00:00:00.000Z,9.68
2021-04-19T00:00:00.000Z,7.69
2021-04-20T00:00:00.000Z,6.16
2021-04-21T00:00:00.000Z,3.2
2021-04-22T00:00:00.000Z,6.89
2021-04-23T00:00:00.000Z,5.2
2021-04-24T00:00:00.000Z,3.2
2021-04-25T00:00:00.000Z,3.4
2021-04-26T00:00:00.000Z,10.93
2021-04-27T00:00:00.000Z,14.13
2021-04-28T00:00:00.000Z,11.03
2021-04-29T00:00:00.000Z,7.68
2021-04-30T00:00:00.000Z,2.2
2021-05-01T00:00:00.000Z,11.25
2021-05-02T00:00:00.000Z,2.08
2021-05-03T00:00:00.000Z,1.45
2021-05-04T00:00:00.000Z,1.85
2021-05-05T00:00:00.000Z,1.4
2021-05-06T00:00:00.000Z,2.72
2021-05-07T00:00:00.000Z,1.65
2021-05-08T00:00:00.000Z,1.7
2021-05-09T00:00:00.000Z,1.96
2021-05-10T00:00:00.000Z,2.29
2021-05-11T00:00:00.000Z,6.32
2021-05-12T00:00:00.000Z,1.88
2021-05-13T00:00:00.000Z,1.23
2021-05-14T00:00:00.000Z,1.6
2021-05-15T00:00:00.000Z,1.48
2021-05-16T00:00:00.000Z,0.85
2021-05-17T00:00:00.000Z,1.95
2021-05-18T00:00:00.000Z,1.79
2021-05-19T00:00:00.000Z,0.4
2021-05-20T00:00:00.000Z,0.77
2021-05-21T00:00:00.000Z,1.02
2021-05-22T00:00:00.000Z,1.39
2021-05-23T00:00:00.000Z,2.9
2021-05-24T00:00:00.000Z,13.02
2021-05-25T00:00:00.000Z,2.54
2021-05-26T00:00:00.000Z,3.03
2021-05-27T00:00:00.000Z,2.24
2021-05-28T00:00:00.000Z,1.98
2021-05-29T00:00:00.000Z,1.2
2021-05-30T00:00:00.000Z,1.1
2021-05-31T00:00:00.000Z,1.67
2021-06-01T00:00:00.000Z,2.0
2021-06-02T00:00:00.000Z,2.88
2021-06-03T00:00:00.000Z,3.0
2021-06-04T00:00:00.000Z,2.14
2021-06-05T00:00:00.000Z,2.63
2021-06-06T00:00:00.000Z,3.1
2021-06-07T00:00:00.000Z,12.1
2021-06-08T00:00:00.000Z,7.1
2021-06-09T00:00:00.000Z,10.8
2021-06-10T00:00:00.000Z,6.57
2021-06-11T00:00:00.000Z,6.05
2021-06-12T00:00:00.000Z,2.9
2021-06-13T00:00:00.000Z,3.85
2021-06-14T00:00:00.000Z,3.32
2021-06-15T00:00:00.000Z,3.42
2021-06-16T00:00:00.000Z,4.69
2021-06-17T00:00:00.000Z,5.82
2021-06-18T00:00:00.000Z,4.29
2021-06-19T00:00:00.000Z,2.92
2021-06-20T00:00:00.000Z,4.67
2021-06-21T00:00:00.000Z,5.4
2021-06-22T00:00:00.000Z,4.46
2021-06-23T00:00:00.000Z,2.58
2021-06-24T00:00:00.000Z,2.22
2021-06-25T00:00:00.000Z,0.75
2021-06-26T00:00:00.000Z,1.1
2021-06-27T00:00:00.000Z,1.2
2021-06-28T00:00:00.000Z,1.5
2021-06-29T00:00:00.000Z,1.95
2021-06-30T00:00:00.000Z,1.2
2021-07-01T00:00:00.000Z,1.6
2021-07-02T00:00:00.000Z,1.66
2021-07-03T00:00:00.000Z,2.0
2021-07-04T00:00:00.000Z,7.68
2021-07-05T00:00:00.000Z,2.1
2021-07-06T00:00:00.000Z,2.0
2021-07-07T00:00:00.000Z,1.9
2021-07-08T00:00:00.000Z,2.98
2021-07-09T00:00:00.000Z,0.73
2021-07-10T00:00:00.000Z,1.12
2021-07-11T00:00:00.000Z,2.83
2021-07-12T00:00:00.000Z,2.72
2021-07-13T00:00:00.000Z,2.2
2021-07-14T00:00:00.000Z,1.3
2021-07-15T00:00:00.000Z,1.58
2021-07-16T00:00:00.000Z,5.85
2021-07-17T00:00:00.000Z,4.07
2021-07-18T00:00:00.000Z,2.27
2021-07-19T00:00:00.000Z,4.53
2021-07-20T00:00:00.000Z,4.34
2021-07-21T00:00:00.000Z,4.55
2021-07-22T00:00:00.000Z,6.55
2021-07-23T00:00:00.000Z,8.44
2021-07-24T00:00:00.000Z,7.59
2021-07-25T00:00:00.000Z,4.3
2021-07-26T00:00:00.000Z,6.65
2021-07-27T00:00:00.000Z,6.45
2021-07-28T00:00:00.000Z,5.85
2021-07-29T00:00:00.000Z,5.78
2021-07-30T00:00:00.000Z,5.45
2021-07-31T00:00:00.000Z,5.04
2021-08-01T00:00:00.000Z,5.01
2021-08-02T00:00:00.000Z,2.1
2021-08-03T00:00:00.000Z,1.55
2021-08-04T00:00:00.000Z,2.2
2021-08-05T00:00:00.000Z,2.57
2021-08-06T00:00:00.000Z,2.22
2021-08-07T00:00:00.000Z,2.13
2021-08-08T00:00:00.000Z,1.02
2021-08-09T00:00:00.000Z,1.4
2021-08-10T00:00:00.000Z,2.13
2021-08-11T00:00:00.000Z,2.95
2021-08-12T00:00:00.000Z,4.09
2021-08-13T00:00:00.000Z,4.63
2021-08-14T00:00:00.000Z,4.13
2021-08-15T00:00:00.000Z,4.59
2021-08-16T00:00:00.000Z,5.78
2021-08-17T00:00:00.000Z,2.0
2021-08-18T00:00:00.000Z,1.8
2021-08-19T00:00:00.000Z,1.8
2021-08-20T00:00:00.000Z,2.29
2021-08-21T00:00:00.000Z,2.9
2021-08-22T00:00:00.000Z,3.63
2021-08-23T00:00:00.000Z,4.21
2021-08-24T00:00:00.000Z,2.1
2021-08-25T00:00:00.000Z,1.7
2021-08-26T00:00:00.000Z,1.52
2021-08-27T00:00:00.000Z,2.21
2021-08-28T00:00:00.000Z,2.47
2021-08-29T00:00:00.000Z,1.0
2021-08-30T00:00:00.000Z,1.25
2021-08-31T00:00:00.000Z,2.42
2021-09-01T00:00:00.000Z,2.27
2021-09-02T00:00:00.000Z,2.67
2021-09-03T00:00:00.000Z,3.47
2021-09-04T00:00:00.000Z,4.07
2021-09-05T00:00:00.000Z,3.58
2021-09-06T00:00:00.000Z,4.09
2021-09-07T00:00:00.000Z,4.8
2021-09-08T00:00:00.000Z,5.35
2021-09-09T00:00:00.000Z,4.9
2021-09-10T00:00:00.000Z,4.95
2021-09-11T00:00:00.000Z,6.18
2021-09-12T00:00:00.000Z,5.9
2021-09-13T00:00:00.000Z,4.55
2021-09-14T00:00:00.000Z,5.44
2021-09-15T00:00:00.000Z,4.09
2021-09-16T00:00:00.000Z,6.18
2021-09-17T00:00:00.000Z,7.7
2021-09-18T00:00:00.000Z,3.58
2021-09-19T00:00:00.000Z,1.67
2021-09-20T00:00:00.000Z,1.42
2021-09-21T00:00:00.000Z,3.0
2021-09-22T00:00:00.000Z,3.05
2021-09-23T00:00:00.000Z,2.7
2021-09-24T00:00:00.000Z,3.25
2021-09-25T00:00:00.000Z,4.38
2021-09-26T00:00:00.000Z,11.35
2021-09-27T00:00:00.000Z,30.25
2021-09-28T00:00:00.000Z,23.69
2021-09-29T00:00:00.000Z,27.17
2021-09-30T00:00:00.000Z,3.67
2021-10-01T00:00:00.000Z,3.38
2021-10-02T00:00:00.000Z,4.8
2021-10-03T00:00:00.000Z,6.75
2021-10-04T00:00:00.000Z,5.22
2021-10-05T00:00:00.000Z,1.45
2021-10-06T00:00:00.000Z,0.9
2021-10-07T00:00:00.000Z,1.1
2021-10-08T00:00:00.000Z,2.45
2021-10-09T00:00:00.000Z,6.47
2021-10-10T00:00:00.000Z,4.84
2021-10-11T00:00:00.000Z,5.4
2021-10-12T00:00:00.000Z,4.75
2021-10-13T00:00:00.000Z,5.09
2021-10-14T00:00:00.000Z,2.6
2021-10-15T00:00:00.000Z,8.07
2021-10-16T00:00:00.000Z,10.7
2021-10-17T00:00:00.000Z,9.59
2021-10-18T00:00:00.000Z,4.05
2021-10-19T00:00:00.000Z,8.68
2021-10-20T00:00:00.000Z,4.68
2021-10-21T00:00:00.000Z,1.62
2021-10-22T00:00:00.000Z,79.56
2021-10-23T00:00:00.000Z,52.38
2021-10-24T00:00:00.000Z,2.92
2021-10-25T00:00:00.000Z,5.09
2021-10-26T00:00:00.000Z,14.29
2021-10-27T00:00:00.000Z,17.45
2021-10-28T00:00:00.000Z,14.64
2021-10-29T00:00:00.000Z,24.52
2021-10-30T00:00:00.000Z,41.46
2021-10-31T00:00:00.000Z,78.95
2021-11-01T00:00:00.000Z,88.93
2021-11-02T00:00:00.000Z,2.5
2021-11-03T00:00:00.000Z,2.5
2021-11-04T00:00:00.000Z,1.66
2021-11-05T00:00:00.000Z,6.39
2021-11-06T00:00:00.000Z,11.88
2021-11-07T00:00:00.000Z,8.05
2021-11-08T00:00:00.000Z,24.62
2021-11-09T00:00:00.000Z,16.01
2021-11-10T00:00:00.000Z,18.1
2021-11-11T00:00:00.000Z,13.44
2021-11-12T00:00:00.000Z,5.81
2021-11-13T00:00:00.000Z,13.23
2021-11-14T00:00:00.000Z,29.77
2021-11-15T00:00:00.000Z,11.99
2021-11-16T00:00:00.000Z,36.9
2021-11-17T00:00:00.000Z,54.72
2021-11-18T00:00:00.000Z,52.34
2021-11-19T00:00:00.000Z,55.23
2021-11-20T00:00:00.000Z,47.43
2021-11-21T00:00:00.000Z,39.75
2021-11-22T00:00:00.000Z,20.7
2021-11-23T00:00:00.000Z,6.87
2021-11-24T00:00:00.000Z,7.53
2021-11-25T00:00:00.000Z,39.9
2021-11-26T00:00:00.000Z,9.57
2021-11-27T00:00:00.000Z,1.5
2021-11-28T00:00:00.000Z,3.4
2021-11-29T00:00:00.000Z,3.78
2021-11-30T00:00:00.000Z,1.3
2021-12-01T00:00:00.000Z,5.43
2021-12-02T00:00:00.000Z,35.65
2021-12-03T00:00:00.000Z,29.79
2021-12-04T00:00:00.000Z,12.07
2021-12-05T00:00:00.000Z,28.38
2021-12-06T00:00:00.000Z,27.42
2021-12-07T00:00:00.000Z,8.18
2021-12-08T00:00:00.000Z,23.25
2021-12-09T00:00:00.000Z,20.58
2021-12-10T00:00:00.000Z,24.33
2021-12-11T00:00:00.000Z,7.28
2021-12-12T00:00:00.000Z,2.67
2021-12-13T00:00:00.000Z,2.15
2021-12-14T00:00:00.000Z,8.78
2021-12-15T00:00:00.000Z,38.2
2021-12-16T00:00:00.000Z,73.97
2021-12-17T00:00:00.000Z,36.63
2021-12-18T00:00:00.000Z,78.23
2021-12-19T00:00:00.000Z,27.64
2021-12-20T00:00:00.000Z,38.14
2021-12-21T00:00:00.000Z,41.52
2021-12-22T00:00:00.000Z,32.03
2021-12-23T00:00:00.000Z,35.04
2021-12-24T00:00:00.000Z,37.65
2021-12-25T00:00:00.000Z,65.88
2021-12-26T00:00:00.000Z,49.42
2021-12-27T00:00:00.000Z,51.4
2021-12-28T00:00:00.000Z,44.47
2021-12-29T00:00:00.000Z,28.77
2021-12-30T00:00:00.000Z,55.85
2021-12-31T00:00:00.000Z,58.5
2022-01-01T00:00:00.000Z,60.45
2022-01-02T00:00:00.000Z,31.27
2022-01-03T00:00:00.000Z,49.02
2022-01-04T00:00:00.000Z,37.53
2022-01-05T00:00:00.000Z,14.95
2022-01-06T00:00:00.000Z,1.95
2022-01-07T00:00:00.000Z,10.07
2022-01-08T00:00:00.000Z,15.5
2022-01-09T00:00:00.000Z,37.75
2022-01-10T00:00:00.000Z,22.77
2022-01-11T00:00:00.000Z,10.98
2022-01-12T00:00:00.000Z,13.32
2022-01-13T00:00:00.000Z,10.8
2022-01-14T00:00:00.000Z,4.7
2022-01-15T00:00:00.000Z,6.22
2022-01-16T00:00:00.000Z,23.74
2022-01-17T00:00:00.000Z,9.25
2022-01-18T00:00:00.000Z,58.05
2022-01-19T00:00:00.000Z,65.48
2022-01-20T00:00:00.000Z,59.5
2022-01-21T00:00:00.000Z,46.59
2022-01-22T00:00:00.000Z,33.13
2022-01-23T00:00:00.000Z,48.83
2022-01-24T00:00:00.000Z,69.06
2022-01-25T00:00:00.000Z,57.14
2022-01-26T00:00:00.000Z,34.29
2022-01-27T00:00:00.000Z,52.6
2022-01-28T00:00:00.000Z,53.17
2022-01-29T00:00:00.000Z,19.21
2022-01-30T00:00:00.000Z,20.73
2022-01-31T00:00:00.000Z,49.31
2022-02-01T00:00:00.000Z,0.75
2022-02-02T00:00:00.000Z,4.22
2022-02-03T00:00:00.000Z,14.77
2022-02-04T00:00:00.000Z,24.67
2022-02-05T00:00:00.000Z,50.65
2022-02-06T00:00:00.000Z,65.42
2022-02-07T00:00:00.000Z,30.0
2022-02-08T00:00:00.000Z,2.21
2022-02-09T00:00:00.000Z,4.93
2022-02-10T00:00:00.000Z,3.3
2022-02-11T00:00:00.000Z,3.28
2022-02-12T00:00:00.000Z,3.97
2022-02-13T00:00:00.000Z,6.28
2022-02-14T00:00:00.000Z,13.76
2022-02-15T00:00:00.000Z,23.52
2022-02-16T00:00:00.000Z,21.6
2022-02-17T00:00:00.000Z,19.72
2022-02-18T00:00:00.000Z,67.9
2022-02-19T00:00:00.000Z,86.22
2022-02-20T00:00:00.000Z,81.88
2022-02-21T00:00:00.000Z,2.67
2022-02-22T00:00:00.000Z,0.55
2022-02-23T00:00:00.000Z,5.7
2022-02-24T00:00:00.000Z,19.66
2022-02-25T00:00:00.000Z,2.78
2022-02-26T00:00:00.000Z,1.63
2022-02-27T00:00:00.000Z,3.47
2022-02-28T00:00:00.000Z,7.52
2022-03-01T00:00:00.000Z,5.47
2022-03-02T00:00:00.000Z,8.69
2022-03-03T00:00:00.000Z,16.45
2022-03-04T00:00:00.000Z,22.5
2022-03-05T00:00:00.000Z,12.32
2022-03-06T00:00:00.000Z,10.48
2022-03-07T00:00:00.000Z,13.55
2022-03-08T00:00:00.000Z,4.32
2022-03-09T00:00:00.000Z,11.93
2022-03-10T00:00:00.000Z,14.77
2022-03-11T00:00:00.000Z,9.13
2022-03-12T00:00:00.000Z,10.38
2022-03-13T00:00:00.000Z,8.02
2022-03-14T00:00:00.000Z,13.98
2022-03-15T00:00:00.000Z,21.3
2022-03-16T00:00:00.000Z,34.52
2022-03-17T00:00:00.000Z,35.54
2022-03-18T00:00:00.000Z,16.55
2022-03-19T00:00:00.000Z,11.38
2022-03-20T00:00:00.000Z,15.34
2022-03-21T00:00:00.000Z,9.9
2022-03-22T00:00:00.000Z,9.98
2022-03-23T00:00:00.000Z,12.05
2022-03-24T00:00:00.000Z,12.25
2022-03-25T00:00:00.000Z,11.18
2022-03-26T00:00:00.000Z,13.45
2022-03-27T00:00:00.000Z,21.63
2022-03-28T00:00:00.000Z,22.12
2022-03-29T00:00:00.000Z,32.09
2022-03-30T00:00:00.000Z,23.8
2022-03-31T00:00:00.000Z,19.23
2022-04-01T00:00:00.000Z,1.8
2022-04-02T00:00:00.000Z,1.23
2022-04-03T00:00:00.000Z,3.95
2022-04-04T00:00:00.000Z,5.9
2022-04-05T00:00:00.000Z,8.27
2022-04-06T00:00:00.000Z,7.43
2022-04-07T00:00:00.000Z,5.77
2022-04-08T00:00:00.000Z,1.42
2022-04-09T00:00:00.000Z,2.2
2022-04-10T00:00:00.000Z,1.08
2022-04-11T00:00:00.000Z,2.5
2022-04-12T00:00:00.000Z,5.4
2022-04-13T00:00:00.000Z,4.4
2022-04-14T00:00:00.000Z,3.03
2022-04-15T00:00:00.000Z,3.45
2022-04-16T00:00:00.000Z,2.22
2022-04-17T00:00:00.000Z,1.88
2022-04-18T00:00:00.000Z,2.2
2022-04-19T00:00:00.000Z,4.15
2022-04-20T00:00:00.000Z,3.42
2022-04-21T00:00:00.000Z,9.27
2022-04-22T00:00:00.000Z,19.5
2022-04-23T00:00:00.000Z,1.65
2022-04-24T00:00:00.000Z,0.7
2022-04-25T00:00:00.000Z,1.1
2022-04-26T00:00:00.000Z,3.75
2022-04-27T00:00:00.000Z,2.72
2022-04-28T00:00:00.000Z,1.95
2022-04-29T00:00:00.000Z,2.38
2022-04-30T00:00:00.000Z,2.7
2022-05-01T00:00:00.000Z,4.8
2022-05-02T00:00:00.000Z,5.09
2022-05-03T00:00:00.000Z,3.95
2022-05-04T00:00:00.000Z,4.3
2022-05-05T00:00:00.000Z,13.92
2022-05-06T00:00:00.000Z,10.85
2022-05-07T00:00:00.000Z,16.77
2022-05-08T00:00:00.000Z,10.73
2022-05-09T00:00:00.000Z,10.43
2022-05-10T00:00:00.000Z,6.68
2022-05-11T00:00:00.000Z,5.3
2022-05-12T00:00:00.000Z,2.65
2022-05-13T00:00:00.000Z,2.4
2022-05-14T00:00:00.000Z,3.6
2022-05-15T00:00:00.000Z,4.2
2022-05-16T00:00:00.000Z,2.85
2022-05-17T00:00:00.000Z,4.78
2022-05-18T00:00:00.000Z,2.29
2022-05-19T00:00:00.000Z,1.87
2022-05-20T00:00:00.000Z,2.58
2022-05-21T00:00:00.000Z,2.5
2022-05-22T00:00:00.000Z,3.87
2022-05-23T00:00:00.000Z,3.13
2022-05-24T00:00:00.000Z,3.67
2022-05-25T00:00:00.000Z,5.47
2022-05-26T00:00:00.000Z,7.78
2022-05-27T00:00:00.000Z,7.28
2022-05-28T00:00:00.000Z,4.43
2022-05-29T00:00:00.000Z,3.3
2022-05-30T00:00:00.000Z,4.0
2022-05-31T00:00:00.000Z,13.55
2022-06-01T00:00:00.000Z,8.44
2022-06-02T00:00:00.000Z,4.5
2022-06-03T00:00:00.000Z,17.17
2022-06-04T00:00:00.000Z,30.0
2022-06-05T00:00:00.000Z,7.99
2022-06-06T00:00:00.000Z,4.0
2022-06-07T00:00:00.000Z,3.0
2022-06-08T00:00:00.000Z,1.4
2022-06-09T00:00:00.000Z,0.7
2022-06-10T00:00:00.000Z,0.6
2022-06-11T00:00:00.000Z,1.1
2022-06-12T00:00:00.000Z,1.5
2022-06-13T00:00:00.000Z,2.02
2022-06-14T00:00:00.000Z,2.85
2022-06-15T00:00:00.000Z,4.34
2022-06-16T00:00:00.000Z,5.43
2022-06-17T00:00:00.000Z,4.93
2022-06-18T00:00:00.000Z,2.95
2022-06-19T00:00:00.000Z,2.29
2022-06-20T00:00:00.000Z,2.42
2022-06-21T00:00:00.000Z,2.45
2022-06-22T00:00:00.000Z,3.95
2022-06-23T00:00:00.000Z,6.75
2022-06-24T00:00:00.000Z,2.02
2022-06-25T00:00:00.000Z,1.95
2022-06-26T00:00:00.000Z,1.95
2022-06-27T00:00:00.000Z,4.47
2022-06-28T00:00:00.000Z,5.63
2022-06-29T00:00:00.000Z,3.39
2022-06-30T00:00:00.000Z,2.45
2022-07-01T00:00:00.000Z,3.13
2022-07-02T00:00:00.000Z,2.95
2022-07-03T00:00:00.000Z,3.24
2022-07-04T00:00:00.000Z,3.41
2022-07-05T00:00:00.000Z,2.5
2022-07-06T00:00:00.000Z,1.7
2022-07-07T00:00:00.000Z,2.08
2022-07-08T00:00:00.000Z,0.9
2022-07-09T00:00:00.000Z,0.9
2022-07-10T00:00:00.000Z,0.9
2022-07-11T00:00:00.000Z,1.48
2022-07-12T00:00:00.000Z,1.7
2022-07-13T00:00:00.000Z,1.38
2022-07-14T00:00:00.000Z,1.17
2022-07-15T00:00:00.000Z,2.2
2022-07-16T00:00:00.000Z,3.41
2022-07-17T00:00:00.000Z,3.6
2022-07-18T00:00:00.000Z,2.5
2022-07-19T00:00:00.000Z,1.9
2022-07-20T00:00:00.000Z,2.38
2022-07-21T00:00:00.000Z,2.97
2022-07-22T00:00:00.000Z,4.5
2022-07-23T00:00:00.000Z,5.28
2022-07-24T00:00:00.000Z,4.9
2022-07-25T00:00:00.000Z,6.4
2022-07-26T00:00:00.000Z,5.97
2022-07-27T00:00:00.000Z,3.42
2022-07-28T00:00:00.000Z,4.03
2022-07-29T00:00:00.000Z,4.8
2022-07-30T00:00:00.000Z,2.25
2022-07-31T00:00:00.000Z,1.58
2022-08-01T00:00:00.000Z,1.52
2022-08-02T00:00:00.000Z,1.5
2022-08-03T00:00:00.000Z,1.69
2022-08-04T00:00:00.000Z,1.4
2022-08-05T00:00:00.000Z,1.85
2022-08-06T00:00:00.000Z,2.4
2022-08-07T00:00:00.000Z,2.15
2022-08-08T00:00:00.000Z,3.95
2022-08-09T00:00:00.000Z,3.1
2022-08-10T00:00:00.000Z,2.35
2022-08-11T00:00:00.000Z,1.58
2022-08-12T00:00:00.000Z,1.4
2022-08-13T00:00:00.000Z,1.38
2022-08-14T00:00:00.000Z,1.5
2022-08-15T00:00:00.000Z,2.08
2022-08-16T00:00:00.000Z,3.08
2022-08-17T00:00:00.000Z,4.13
2022-08-18T00:00:00.000Z,4.84
2022-08-19T00:00:00.000Z,0.95
2022-08-20T00:00:00.000Z,1.12
2022-08-21T00:00:00.000Z,1.12
2022-08-22T00:00:00.000Z,1.75
2022-08-23T00:00:00.000Z,1.1
2022-08-24T00:00:00.000Z,1.12
2022-08-25T00:00:00.000Z,3.4
2022-08-26T00:00:00.000Z,4.75
2022-08-27T00:00:00.000Z,6.5
2022-08-28T00:00:00.000Z,4.29
2022-08-29T00:00:00.000Z,2.45
2022-08-30T00:00:00.000Z,3.58
2022-08-31T00:00:00.000Z,7.82
2022-09-01T00:00:00.000Z,3.0
2022-09-02T00:00:00.000Z,1.85
2022-09-03T00:00:00.000Z,2.85
2022-09-04T00:00:00.000Z,3.08
2022-09-05T00:00:00.000Z,2.6
2022-09-06T00:00:00.000Z,2.6
2022-09-07T00:00:00.000Z,3.55
2022-09-08T00:00:00.000Z,3.38
2022-09-09T00:00:00.000Z,2.29
2022-09-10T00:00:00.000Z,1.7
2022-09-11T00:00:00.000Z,1.4
2022-09-12T00:00:00.000Z,1.27
2022-09-13T00:00:00.000Z,1.6
2022-09-14T00:00:00.000Z,1.6
2022-09-15T00:00:00.000Z,2.47
2022-09-16T00:00:00.000Z,2.13
2022-09-17T00:00:00.000Z,0.85
2022-09-18T00:00:00.000Z,0.51
2022-09-19T00:00:00.000Z,1.2
2022-09-20T00:00:00.000Z,1.4
2022-09-21T00:00:00.000Z,1.0
2022-09-22T00:00:00.000Z,0.95
2022-09-23T00:00:00.000Z,1.3
2022-09-24T00:00:00.000Z,2.38
2022-09-25T00:00:00.000Z,25.74
2022-09-26T00:00:00.000Z,6.78
2022-09-27T00:00:00.000Z,1.92
2022-09-28T00:00:00.000Z,2.2
2022-09-29T00:00:00.000Z,1.48
2022-09-30T00:00:00.000Z,2.52
2022-10-01T00:00:00.000Z,2.78
2022-10-02T00:00:00.000Z,1.4
2022-10-03T00:00:00.000Z,2.97
2022-10-04T00:00:00.000Z,6.3
2022-10-05T00:00:00.000Z,7.44
2022-10-06T00:00:00.000Z,8.88
2022-10-07T00:00:00.000Z,9.68
2022-10-08T00:00:00.000Z,9.43
2022-10-09T00:00:00.000Z,12.03
2022-10-10T00:00:00.000Z,8.18
2022-10-11T00:00:00.000Z,16.57
2022-10-12T00:00:00.000Z,14.74
2022-10-13T00:00:00.000Z,10.64
2022-10-14T00:00:00.000Z,13.87
2022-10-15T00:00:00.000Z,10.47
2022-10-16T00:00:00.000Z,7.32
2022-10-17T00:00:00.000Z,11.68
2022-10-18T00:00:00.000Z,20.1
2022-10-21T00:00:00.000Z,33.1
2022-10-22T00:00:00.000Z,4.13
2022-10-23T00:00:00.000Z,18.92
2022-10-24T00:00:00.000Z,10.77
2022-10-25T00:00:00.000Z,8.27
2022-10-26T00:00:00.000Z,7.85
2022-10-27T00:00:00.000Z,21.33
2022-10-28T00:00:00.000Z,32.99
2022-10-29T00:00:00.000Z,9.65
2022-10-30T00:00:00.000Z,5.03
2022-10-31T00:00:00.000Z,4.47
2022-11-01T00:00:00.000Z,5.09
2022-11-02T00:00:00.000Z,19.1
2022-11-03T00:00:00.000Z,68.05
2022-11-04T00:00:00.000Z,1.7
2022-11-05T00:00:00.000Z,3.42
2022-11-06T00:00:00.000Z,3.13
2022-11-07T00:00:00.000Z,8.8
2022-11-08T00:00:00.000Z,17.23
2022-11-09T00:00:00.000Z,46.03
2022-11-10T00:00:00.000Z,73.03
2022-11-11T00:00:00.000Z,72.02
2022-11-12T00:00:00.000Z,16.88
2022-11-13T00:00:00.000Z,25.49
2022-11-14T00:00:00.000Z,33.08
2022-11-15T00:00:00.000Z,42.01
2022-11-16T00:00:00.000Z,28.45
2022-11-17T00:00:00.000Z,29.58
2022-11-18T00:00:00.000Z,27.15
2022-11-19T00:00:00.000Z,46.56
2022-11-20T00:00:00.000Z,24.85
2022-11-21T00:00:00.000Z,15.1
2022-11-22T00:00:00.000Z,3.22
2022-11-23T00:00:00.000Z,1.41
2022-11-24T00:00:00.000Z,5.89
2022-11-25T00:00:00.000Z,19.73
2022-11-26T00:00:00.000Z,52.58
2022-11-27T00:00:00.000Z,21.65
2022-11-28T00:00:00.000Z,21.3
2022-11-29T00:00:00.000Z,50.72
2022-11-30T00:00:00.000Z,30.45
2022-12-01T00:00:00.000Z,30.98
2022-12-02T00:00:00.000Z,19.47
2022-12-03T00:00:00.000Z,26.73
2022-12-04T00:00:00.000Z,13.93
2022-12-05T00:00:00.000Z,24.2
2022-12-06T00:00:00.000Z,19.8
2022-12-07T00:00:00.000Z,57.28
2022-12-08T00:00:00.000Z,52.52
2022-12-09T00:00:00.000Z,25.6
2022-12-10T00:00:00.000Z,18.63
2022-12-11T00:00:00.000Z,18.19
2022-12-12T00:00:00.000Z,25.17
2022-12-13T00:00:00.000Z,21.35
2022-12-14T00:00:00.000Z,20.14
2022-12-15T00:00:00.000Z,27.27
2022-12-16T00:00:00.000Z,23.15
2022-12-17T00:00:00.000Z,16.14
2022-12-18T00:00:00.000Z,8.18
2022-12-19T00:00:00.000Z,44.59
2022-12-20T00:00:00.000Z,50.42
2022-12-21T00:00:00.000Z,65.17
2022-12-22T00:00:00.000Z,55.4
2022-12-23T00:00:00.000Z,43.67
2022-12-24T00:00:00.000Z,74.95
2022-12-25T00:00:00.000Z,54.28
2022-12-26T00:00:00.000Z,48.75
2022-12-27T00:00:00.000Z,59.65
2022-12-28T00:00:00.000Z,57.42
2022-12-29T00:00:00.000Z,61.97
2022-12-30T00:00:00.000Z,68.97
2022-12-31T00:00:00.000Z,36.03
2023-01-01T00:00:00.000Z,54.38
2023-01-02T00:00:00.000Z,32.0
2023-01-03T00:00:00.000Z,40.92
2023-01-04T00:00:00.000Z,23.3
2023-01-05T00:00:00.000Z,26.45
2023-01-06T00:00:00.000Z,32.22
2023-01-07T00:00:00.000Z,31.01
2023-01-08T00:00:00.000Z,42.55
2023-01-09T00:00:00.000Z,15.4
2023-01-10T00:00:00.000Z,1.3
2023-01-11T00:00:00.000Z,2.75
2023-01-12T00:00:00.000Z,10.13
2023-01-13T00:00:00.000Z,22.1
2023-01-14T00:00:00.000Z,34.35
2023-01-15T00:00:00.000Z,63.47
2023-01-16T00:00:00.000Z,46.47
2023-01-17T00:00:00.000Z,37.71
2023-01-18T00:00:00.000Z,24.85
2023-01-19T00:00:00.000Z,30.42
2023-01-20T00:00:00.000Z,31.53
2023-01-21T00:00:00.000Z,6.15
2023-01-22T00:00:00.000Z,2.27
2023-01-23T00:00:00.000Z,8.77
2023-01-24T00:00:00.000Z,11.04
2023-01-25T00:00:00.000Z,22.75
2023-01-26T00:00:00.000Z,10.7
2023-01-27T00:00:00.000Z,7.6
2023-01-28T00:00:00.000Z,15.3
2023-01-29T00:00:00.000Z,18.05
2023-01-30T00:00:00.000Z,13.54
2023-01-31T00:00:00.000Z,19.32
2023-02-01T00:00:00.000Z,8.14
2023-02-02T00:00:00.000Z,3.53
2023-02-03T00:00:00.000Z,11.52
2023-02-04T00:00:00.000Z,11.2
2023-02-05T00:00:00.000Z,2.7
2023-02-06T00:00:00.000Z,4.28
2023-02-07T00:00:00.000Z,10.38
2023-02-08T00:00:00.000Z,11.27
2023-02-09T00:00:00.000Z,11.6
2023-02-10T00:00:00.000Z,15.8
2023-02-11T00:00:00.000Z,15.88
2023-02-12T00:00:00.000Z,16.42
2023-02-13T00:00:00.000Z,18.73
2023-02-14T00:00:00.000Z,33.25
2023-02-15T00:00:00.000Z,19.98
2023-02-16T00:00:00.000Z,16.85
2023-02-17T00:00:00.000Z,12.35
2023-02-18T00:00:00.000Z,22.9
2023-02-19T00:00:00.000Z,17.67
2023-02-20T00:00:00.000Z,31.89
2023-02-21T00:00:00.000Z,41.25
2023-02-22T00:00:00.000Z,64.45
2023-02-23T00:00:00.000Z,44.14
2023-02-24T00:00:00.000Z,32.29
2023-02-25T00:00:00.000Z,34.67
2023-02-26T00:00:00.000Z,1.85
2023-02-27T00:00:00.000Z,3.45
2023-02-28T00:00:00.000Z,13.98
2023-03-01T00:00:00.000Z,22.58
2023-03-02T00:00:00.000Z,23.63
2023-03-03T00:00:00.000Z,21.38
2023-03-04T00:00:00.000Z,13.13
2023-03-05T00:00:00.000Z,6.62
2023-03-06T00:00:00.000Z,2.08
2023-03-07T00:00:00.000Z,2.9
2023-03-08T00:00:00.000Z,2.27
2023-03-09T00:00:00.000Z,2.54
2023-03-10T00:00:00.000Z,8.55
2023-03-11T00:00:00.000Z,2.89
2023-03-12T00:00:00.000Z,3.78
2023-03-13T00:00:00.000Z,8.65
2023-03-14T00:00:00.000Z,4.4
2023-03-15T00:00:00.000Z,2.04
2023-03-16T00:00:00.000Z,1.6
2023-03-17T00:00:00.000Z,3.25
2023-03-18T00:00:00.000Z,6.65
2023-03-19T00:00:00.000Z,20.2
2023-03-20T00:00:00.000Z,33.45
2023-03-21T00:00:00.000Z,20.46
2023-03-22T00:00:00.000Z,5.6
2023-03-23T00:00:00.000Z,3.75
2023-03-24T00:00:00.000Z,2.2
2023-03-25T00:00:00.000Z,1.73
2023-03-26T00:00:00.000Z,2.6
2023-03-27T00:00:00.000Z,1.17
2023-03-28T00:00:00.000Z,1.0
2023-03-29T00:00:00.000Z,1.73
2023-03-30T00:00:00.000Z,2.15
2023-03-31T00:00:00.000Z,2.5
2023-04-01T00:00:00.000Z,7.13
2023-04-02T00:00:00.000Z,3.05
2023-04-03T00:00:00.000Z,2.63
2023-04-04T00:00:00.000Z,1.83
2023-04-05T00:00:00.000Z,3.4
2023-04-06T00:00:00.000Z,4.88
2023-04-07T00:00:00.000Z,7.75
2023-04-08T00:00:00.000Z,8.23
2023-04-09T00:00:00.000Z,2.08
2023-04-10T00:00:00.000Z,2.54
2023-04-11T00:00:00.000Z,2.1
2023-04-12T00:00:00.000Z,9.25
2023-04-13T00:00:00.000Z,4.17
2023-04-14T00:00:00.000Z,1.1
2023-04-15T00:00:00.000Z,1.42
2023-04-16T00:00:00.000Z,1.2
2023-04-17T00:00:00.000Z,2.5
2023-04-18T00:00:00.000Z,2.63
2023-04-19T00:00:00.000Z,2.4
2023-04-20T00:00:00.000Z,10.98
2023-04-21T00:00:00.000Z,15.11
2023-04-22T00:00:00.000Z,12.32
2023-04-23T00:00:00.000Z,3.3
2023-04-24T00:00:00.000Z,2.65
2023-04-25T00:00:00.000Z,1.65
2023-04-26T00:00:00.000Z,1.3
2023-04-27T00:00:00.000Z,2.2
2023-04-28T00:00:00.000Z,4.93
2023-04-29T00:00:00.000Z,14.75
2023-04-30T00:00:00.000Z,13.7
2023-05-01T00:00:00.000Z,11.05
2023-05-02T00:00:00.000Z,6.82
2023-05-03T00:00:00.000Z,4.59
2023-05-04T00:00:00.000Z,4.25
2023-05-05T00:00:00.000Z,3.17
2023-05-06T00:00:00.000Z,5.55
2023-05-07T00:00:00.000Z,6.59
2023-05-08T00:00:00.000Z,5.43
2023-05-09T00:00:00.000Z,7.13
2023-05-10T00:00:00.000Z,8.3
2023-05-11T00:00:00.000Z,2.88
2023-05-12T00:00:00.000Z,6.43
2023-05-13T00:00:00.000Z,5.88
2023-05-14T00:00:00.000Z,4.28
2023-05-15T00:00:00.000Z,1.49
2023-05-16T00:00:00.000Z,3.08
2023-05-17T00:00:00.000Z,3.12
2023-05-18T00:00:00.000Z,2.4
2023-05-19T00:00:00.000Z,3.88
2023-05-20T00:00:00.000Z,23.64
2023-05-21T00:00:00.000Z,11.45
2023-05-22T00:00:00.000Z,9.88
2023-05-23T00:00:00.000Z,6.4
2023-05-24T00:00:00.000Z,6.72
2023-05-25T00:00:00.000Z,9.3
2023-05-26T00:00:00.000Z,6.82
2023-05-27T00:00:00.000Z,6.94
2023-05-28T00:00:00.000Z,6.53
2023-05-29T00:00:00.000Z,7.3
2023-05-30T00:00:00.000Z,5.85
2023-05-31T00:00:00.000Z,5.68
2023-06-01T00:00:00.000Z,5.09
2023-06-02T00:00:00.000Z,5.18
2023-06-03T00:00:00.000Z,5.9
2023-06-04T00:00:00.000Z,7.45
2023-06-05T00:00:00.000Z,7.47
2023-06-06T00:00:00.000Z,9.94
2023-06-07T00:00:00.000Z,4.72
2023-06-08T00:00:00.000Z,3.67
2023-06-09T00:00:00.000Z,3.5
2023-06-10T00:00:00.000Z,8.43
2023-06-11T00:00:00.000Z,3.9
2023-06-12T00:00:00.000Z,4.0
2023-06-13T00:00:00.000Z,3.85
2023-06-14T00:00:00.000Z,3.13
2023-06-15T00:00:00.000Z,5.09
2023-06-16T00:00:00.000Z,4.68
2023-06-17T00:00:00.000Z,4.5
2023-06-18T00:00:00.000Z,4.93
2023-06-19T00:00:00.000Z,4.43
2023-06-20T00:00:00.000Z,3.88
2023-06-21T00:00:00.000Z,4.68
2023-06-22T00:00:00.000Z,4.98
2023-06-23T00:00:00.000Z,5.43
2023-06-24T00:00:00.000Z,2.17
2023-06-25T00:00:00.000Z,3.17
2023-06-26T00:00:00.000Z,4.32
2023-06-27T00:00:00.000Z,5.03
2023-06-28T00:00:00.000Z,7.14
2023-06-29T00:00:00.000Z,1.85
2023-06-30T00:00:00.000Z,6.03
2023-07-01T00:00:00.000Z,26.35
2023-07-02T00:00:00.000Z,5.47
2023-07-03T00:00:00.000Z,3.0
2023-07-04T00:00:00.000Z,1.6
2023-07-05T00:00:00.000Z,3.5
2023-07-06T00:00:00.000Z,4.28
2023-07-07T00:00:00.000Z,4.15
2023-07-08T00:00:00.000Z,4.3
2023-07-09T00:00:00.000Z,4.75
2023-07-10T00:00:00.000Z,5.45
2023-07-11T00:00:00.000Z,5.72
2023-07-12T00:00:00.000Z,6.32
2023-07-13T00:00:00.000Z,5.53
2023-07-14T00:00:00.000Z,4.72
2023-07-15T00:00:00.000Z,4.18
2023-07-16T00:00:00.000Z,4.25
2023-07-17T00:00:00.000Z,5.0
2023-07-18T00:00:00.000Z,5.45
2023-07-19T00:00:00.000Z,6.07
2023-07-20T00:00:00.000Z,6.31
2023-07-21T00:00:00.000Z,5.2
2023-07-22T00:00:00.000Z,5.15
2023-07-23T00:00:00.000Z,10.23
2023-07-24T00:00:00.000Z,13.39
2023-07-25T00:00:00.000Z,4.9
2023-07-26T00:00:00.000Z,2.15
2023-07-27T00:00:00.000Z,1.5
2023-07-28T00:00:00.000Z,2.4
2023-07-29T00:00:00.000Z,2.75
2023-07-30T00:00:00.000Z,2.39
2023-07-31T00:00:00.000Z,2.97
2023-08-01T00:00:00.000Z,3.95
2023-08-02T00:00:00.000Z,4.07
2023-08-03T00:00:00.000Z,3.3
2023-08-04T00:00:00.000Z,1.63
2023-08-05T00:00:00.000Z,0.7
2023-08-06T00:00:00.000Z,0.9
2023-08-07T00:00:00.000Z,0.8
2023-08-08T00:00:00.000Z,1.0
2023-08-09T00:00:00.000Z,1.52
2023-08-10T00:00:00.000Z,1.7
2023-08-11T00:00:00.000Z,2.0
2023-08-12T00:00:00.000Z,2.33
2023-08-13T00:00:00.000Z,2.75
2023-08-14T00:00:00.000Z,3.42
2023-08-15T00:00:00.000Z,3.78
2023-08-16T00:00:00.000Z,6.13
2023-08-17T00:00:00.000Z,8.48
2023-08-18T00:00:00.000Z,7.55
2023-08-19T00:00:00.000Z,6.6
2023-08-20T00:00:00.000Z,7.13
2023-08-21T00:00:00.000Z,6.47
2023-08-22T00:00:00.000Z,6.55
2023-08-23T00:00:00.000Z,5.28
2023-08-24T00:00:00.000Z,4.59
2023-08-25T00:00:00.000Z,5.17
2023-08-26T00:00:00.000Z,5.97
2023-08-27T00:00:00.000Z,6.1
2023-08-28T00:00:00.000Z,2.29
2023-08-29T00:00:00.000Z,1.35
2023-08-30T00:00:00.000Z,0.5
2023-08-31T00:00:00.000Z,1.4
2023-09-01T00:00:00.000Z,2.47
2023-09-02T00:00:00.000Z,2.97
2023-09-03T00:00:00.000Z,3.57
2023-09-04T00:00:00.000Z,2.35
2023-09-05T00:00:00.000Z,2.78
2023-09-06T00:00:00.000Z,3.0
2023-09-07T00:00:00.000Z,3.67
2023-09-08T00:00:00.000Z,4.88
2023-09-09T00:00:00.000Z,5.18
2023-09-10T00:00:00.000Z,4.73
2023-09-11T00:00:00.000Z,5.68
2023-09-12T00:00:00.000Z,5.45
2023-09-13T00:00:00.000Z,4.57
2023-09-14T00:00:00.000Z,4.67
2023-09-15T00:00:00.000Z,7.5
2023-09-16T00:00:00.000Z,7.72
2023-09-17T00:00:00.000Z,11.15
2023-09-18T00:00:00.000Z,10.77
2023-09-19T00:00:00.000Z,4.25
2023-09-20T00:00:00.000Z,3.58
2023-09-21T00:00:00.000Z,2.95
2023-09-22T00:00:00.000Z,2.65
2023-09-23T00:00:00.000Z,1.52
2023-09-24T00:00:00.000Z,1.4
2023-09-25T00:00:00.000Z,1.73
2023-09-26T00:00:00.000Z,7.15
2023-09-27T00:00:00.000Z,6.0
2023-09-28T00:00:00.000Z,5.82
2023-09-29T00:00:00.000Z,6.3
2023-09-30T00:00:00.000Z,5.12
2023-10-01T00:00:00.000Z,3.85
2023-10-02T00:00:00.000Z,4.93
2023-10-03T00:00:00.000Z,6.82
2023-10-04T00:00:00.000Z,9.25
2023-10-05T00:00:00.000Z,6.45
2023-10-06T00:00:00.000Z,11.12
2023-10-07T00:00:00.000Z,17.63
2023-10-08T00:00:00.000Z,12.18
2023-10-09T00:00:00.000Z,5.59
2023-10-10T00:00:00.000Z,7.3
2023-10-11T00:00:00.000Z,30.37
2023-10-12T00:00:00.000Z,26.7
2023-10-13T00:00:00.000Z,10.67
2023-10-14T00:00:00.000Z,4.84
2023-10-15T00:00:00.000Z,5.6
2023-10-16T00:00:00.000Z,1.33
2023-10-17T00:00:00.000Z,1.92
2023-10-18T00:00:00.000Z,18.3
2023-10-19T00:00:00.000Z,30.58
2023-10-20T00:00:00.000Z,5.0
2023-10-21T00:00:00.000Z,1.1
2023-10-22T00:00:00.000Z,1.29
2023-10-23T00:00:00.000Z,1.55
2023-10-24T00:00:00.000Z,19.48
2023-10-25T00:00:00.000Z,16.5
2023-10-26T00:00:00.000Z,46.53
2023-10-27T00:00:00.000Z,2.13
2023-10-28T00:00:00.000Z,1.42
2023-10-29T00:00:00.000Z,5.55
2023-10-30T00:00:00.000Z,27.17
2023-10-31T00:00:00.000Z,1.2
2023-11-06T00:00:00.000Z,1.6
2023-11-07T00:00:00.000Z,1.0
2023-11-08T00:00:00.000Z,10.68
2023-11-09T00:00:00.000Z,3.0
2023-11-10T00:00:00.000Z,32.08
2023-11-11T00:00:00.000Z,4.78
2023-11-12T00:00:00.000Z,36.97
2023-11-13T00:00:00.000Z,22.1
2023-11-14T00:00:00.000Z,32.47
2023-11-15T00:00:00.000Z,35.58
2023-11-16T00:00:00.000Z,6.68
2023-11-17T00:00:00.000Z,4.22
2023-11-18T00:00:00.000Z,1.2
2023-11-19T00:00:00.000Z,3.8
2023-11-20T00:00:00.000Z,13.54
2023-11-21T00:00:00.000Z,48.8
2023-11-22T00:00:00.000Z,8.02
2023-11-23T00:00:00.000Z,6.0
2023-11-24T00:00:00.000Z,9.26
2023-11-25T00:00:00.000Z,1.5
2023-11-26T00:00:00.000Z,0.64
2023-11-27T00:00:00.000Z,6.03
2023-11-28T00:00:00.000Z,24.83
2023-11-29T00:00:00.000Z,7.47
2023-11-30T00:00:00.000Z,27.14
2023-12-01T00:00:00.000Z,35.72
2023-12-02T00:00:00.000Z,1.3
2023-12-03T00:00:00.000Z,3.19
2023-12-04T00:00:00.000Z,12.94
2023-12-05T00:00:00.000Z,29.54
2023-12-06T00:00:00.000Z,11.57
2023-12-07T00:00:00.000Z,5.72
2023-12-08T00:00:00.000Z,40.47
2023-12-09T00:00:00.000Z,35.86
2023-12-10T00:00:00.000Z,15.63
2023-12-11T00:00:00.000Z,59.58
2023-12-12T00:00:00.000Z,39.28
2023-12-13T00:00:00.000Z,51.9
2023-12-14T00:00:00.000Z,36.95
2023-12-15T00:00:00.000Z,20.73
2023-12-16T00:00:00.000Z,14.7
2023-12-17T00:00:00.000Z,10.35
2023-12-18T00:00:00.000Z,10.42
2023-12-19T00:00:00.000Z,4.17
2023-12-20T00:00:00.000Z,18.39
2023-12-21T00:00:00.000Z,11.88
2023-12-22T00:00:00.000Z,0.97
2023-12-23T00:00:00.000Z,2.1
2023-12-24T00:00:00.000Z,3.95
2023-12-25T00:00:00.000Z,8.48
2023-12-26T00:00:00.000Z,5.24
2023-12-27T00:00:00.000Z,7.45
2023-12-28T00:00:00.000Z,26.34
2023-12-29T00:00:00.000Z,31.47
2023-12-30T00:00:00.000Z,49.89
2023-12-31T00:00:00.000Z,79.43
2024-01-01T00:00:00.000Z,23.67
2024-01-02T00:00:00.000Z,28.67
2024-01-03T00:00:00.000Z,26.01
2024-01-04T00:00:00.000Z,15.48
2024-01-05T00:00:00.000Z,53.88
2024-01-06T00:00:00.000Z,11.75
2024-01-07T00:00:00.000Z,20.63
2024-01-08T00:00:00.000Z,8.05
2024-01-09T00:00:00.000Z,6.97
2024-01-10T00:00:00.000Z,11.37
2024-01-11T00:00:00.000Z,17.42
2024-01-12T00:00:00.000Z,13.17
2024-01-13T00:00:00.000Z,30.24
2024-01-14T00:00:00.000Z,38.78
2024-01-15T00:00:00.000Z,52.11
2024-01-16T00:00:00.000Z,58.6
2024-01-17T00:00:00.000Z,60.83
2024-01-18T00:00:00.000Z,20.52
2024-01-19T00:00:00.000Z,50.24
2024-01-20T00:00:00.000Z,4.21
2024-01-21T00:00:00.000Z,2.4
2024-01-22T00:00:00.000Z,8.09
2024-01-23T00:00:00.000Z,15.0
2024-01-24T00:00:00.000Z,29.05
2024-01-25T00:00:00.000Z,58.97
2024-01-26T00:00:00.000Z,79.23
2024-01-27T00:00:00.000Z,63.45
2024-01-28T00:00:00.000Z,56.93
2024-01-29T00:00:00.000Z,53.0
2024-01-30T00:00:00.000Z,33.45
2024-01-31T00:00:00.000Z,17.5
2024-02-01T00:00:00.000Z,14.52
2024-02-02T00:00:00.000Z,16.73
2024-02-03T00:00:00.000Z,9.1
2024-02-04T00:00:00.000Z,37.04
2024-02-05T00:00:00.000Z,46.03
2024-02-06T00:00:00.000Z,56.83
2024-02-07T00:00:00.000Z,27.4
2024-02-08T00:00:00.000Z,13.48
2024-02-09T00:00:00.000Z,3.5
2024-02-10T00:00:00.000Z,10.57
2024-02-11T00:00:00.000Z,20.83
2024-02-12T00:00:00.000Z,5.04
2024-02-13T00:00:00.000Z,25.55
2024-02-14T00:00:00.000Z,15.38
2024-02-15T00:00:00.000Z,22.33
2024-02-16T00:00:00.000Z,43.72
2024-02-17T00:00:00.000Z,79.45
2024-02-18T00:00:00.000Z,103.38
2024-02-19T00:00:00.000Z,83.52
2024-02-20T00:00:00.000Z,52.58
2024-02-21T00:00:00.000Z,16.7
2024-02-22T00:00:00.000Z,2.25
2024-02-23T00:00:00.000Z,2.58
2024-02-24T00:00:00.000Z,1.1
2024-02-25T00:00:00.000Z,1.5
2024-02-26T00:00:00.000Z,3.45
2024-02-27T00:00:00.000Z,13.73
2024-02-28T00:00:00.000Z,19.05
2024-02-29T00:00:00.000Z,27.96
2024-03-01T00:00:00.000Z,10.13
2024-03-02T00:00:00.000Z,3.9
2024-03-03T00:00:00.000Z,1.48
2024-03-04T00:00:00.000Z,11.18
2024-03-05T00:00:00.000Z,1.8
2024-03-06T00:00:00.000Z,1.4
2024-03-07T00:00:00.000Z,4.84
2024-03-08T00:00:00.000Z,9.35
2024-03-09T00:00:00.000Z,14.18
2024-03-10T00:00:00.000Z,2.76
2024-03-11T00:00:00.000Z,2.72
2024-03-12T00:00:00.000Z,1.95
2024-03-13T00:00:00.000Z,6.35
2024-03-14T00:00:00.000Z,8.97
2024-03-15T00:00:00.000Z,3.0
2024-03-16T00:00:00.000Z,2.6
2024-03-17T00:00:00.000Z,7.13
2024-03-18T00:00:00.000Z,7.6
2024-03-19T00:00:00.000Z,34.15
2024-03-20T00:00:00.000Z,41.88
2024-03-21T00:00:00.000Z,18.48
2024-03-22T00:00:00.000Z,20.6
2024-03-23T00:00:00.000Z,3.08
2024-03-24T00:00:00.000Z,2.2
2024-03-25T00:00:00.000Z,2.2
2024-03-26T00:00:00.000Z,18.0
2024-03-27T00:00:00.000Z,1.2
2024-03-28T00:00:00.000Z,1.35
2024-03-29T00:00:00.000Z,19.55
2024-03-30T00:00:00.000Z,18.39
2024-03-31T00:00:00.000Z,10.8
2024-04-01T00:00:00.000Z,1.42
2024-04-02T00:00:00.000Z,1.45
2024-04-03T00:00:00.000Z,1.23
2024-04-04T00:00:00.000Z,2.0
2024-04-05T00:00:00.000Z,2.02
2024-04-06T00:00:00.000Z,2.04
2024-04-07T00:00:00.000Z,1.52
2024-04-08T00:00:00.000Z,2.95
2024-04-09T00:00:00.000Z,15.34
2024-04-10T00:00:00.000Z,6.25
2024-04-11T00:00:00.000Z,6.68
2024-04-12T00:00:00.000Z,6.72
2024-04-13T00:00:00.000Z,5.4
2024-04-14T00:00:00.000Z,3.15
2024-04-15T00:00:00.000Z,2.35
2024-04-16T00:00:00.000Z,2.6
2024-04-17T00:00:00.000Z,2.29
2024-04-18T00:00:00.000Z,1.08
2024-04-19T00:00:00.000Z,2.29
2024-04-20T00:00:00.000Z,0.98
2024-04-21T00:00:00.000Z,1.08
2024-04-22T00:00:00.000Z,3.0
2024-04-23T00:00:00.000Z,4.88
2024-04-24T00:00:00.000Z,3.4
2024-04-25T00:00:00.000Z,1.4
2024-04-26T00:00:00.000Z,3.2
2024-04-27T00:00:00.000Z,18.82
2024-04-28T00:00:00.000Z,14.93
2024-04-29T00:00:00.000Z,6.53
2024-04-30T00:00:00.000Z,2.6
2024-05-01T00:00:00.000Z,5.37
2024-05-02T00:00:00.000Z,0.88
2024-05-03T00:00:00.000Z,0.68
2024-05-04T00:00:00.000Z,5.3
2024-05-05T00:00:00.000Z,1.33
2024-05-06T00:00:00.000Z,1.27
2024-05-07T00:00:00.000Z,3.3
2024-05-08T00:00:00.000Z,8.73
2024-05-09T00:00:00.000Z,3.83
2024-05-10T00:00:00.000Z,3.28
2024-05-11T00:00:00.000Z,2.29
2024-05-12T00:00:00.000Z,2.8
2024-05-13T00:00:00.000Z,4.53
2024-05-14T00:00:00.000Z,6.5
2024-05-15T00:00:00.000Z,13.5
2024-05-16T00:00:00.000Z,18.1
2024-05-17T00:00:00.000Z,1.1
2024-05-18T00:00:00.000Z,1.42
2024-05-19T00:00:00.000Z,8.15
2024-05-20T00:00:00.000Z,12.07
2024-05-21T00:00:00.000Z,1.95
2024-05-22T00:00:00.000Z,1.92
2024-05-23T00:00:00.000Z,2.33
2024-05-24T00:00:00.000Z,2.59
2024-05-25T00:00:00.000Z,4.09
2024-05-26T00:00:00.000Z,2.5
2024-05-27T00:00:00.000Z,2.4
2024-05-28T00:00:00.000Z,7.68
2024-05-29T00:00:00.000Z,3.4
2024-05-30T00:00:00.000Z,3.1
2024-05-31T00:00:00.000Z,0.65
2024-06-01T00:00:00.000Z,0.8
2024-06-02T00:00:00.000Z,1.8
2024-06-03T00:00:00.000Z,1.48
2024-06-04T00:00:00.000Z,1.4
2024-06-05T00:00:00.000Z,1.75
2024-06-06T00:00:00.000Z,3.28
2024-06-07T00:00:00.000Z,3.42
2024-06-08T00:00:00.000Z,3.85
2024-06-09T00:00:00.000Z,6.12
2024-06-10T00:00:00.000Z,3.1
2024-06-11T00:00:00.000Z,2.1
2024-06-12T00:00:00.000Z,3.7
2024-06-13T00:00:00.000Z,2.63
2024-06-14T00:00:00.000Z,1.6
2024-06-15T00:00:00.000Z,1.48
2024-06-16T00:00:00.000Z,1.1
2024-06-17T00:00:00.000Z,1.63
2024-06-18T00:00:00.000Z,1.98
2024-06-19T00:00:00.000Z,3.67
2024-06-20T00:00:00.000Z,5.55
2024-06-21T00:00:00.000Z,7.1
2024-06-22T00:00:00.000Z,2.7
2024-06-23T00:00:00.000Z,4.42
2024-06-24T00:00:00.000Z,8.9
2024-06-25T00:00:00.000Z,6.97
2024-06-26T00:00:00.000Z,2.42
2024-06-27T00:00:00.000Z,1.47
2024-06-28T00:00:00.000Z,3.6
2024-06-29T00:00:00.000Z,4.93
2024-06-30T00:00:00.000Z,2.29
2024-07-01T00:00:00.000Z,2.29
2024-07-02T00:00:00.000Z,1.23
2024-07-03T00:00:00.000Z,2.57
2024-07-04T00:00:00.000Z,1.98
2024-07-05T00:00:00.000Z,1.9
2024-07-06T00:00:00.000Z,2.0
2024-07-07T00:00:00.000Z,4.59
2024-07-08T00:00:00.000Z,8.52
2024-07-09T00:00:00.000Z,7.56
2024-07-10T00:00:00.000Z,7.93
2024-07-11T00:00:00.000Z,5.3
2024-07-12T00:00:00.000Z,4.05
2024-07-13T00:00:00.000Z,3.85
2024-07-14T00:00:00.000Z,1.5
2024-07-15T00:00:00.000Z,2.25
2024-07-16T00:00:00.000Z,2.27
2024-07-17T00:00:00.000Z,2.6
2024-07-18T00:00:00.000Z,4.38
2024-07-19T00:00:00.000Z,6.97
2024-07-20T00:00:00.000Z,5.2
2024-07-21T00:00:00.000Z,4.8
2024-07-22T00:00:00.000Z,7.7
2024-07-23T00:00:00.000Z,4.4
2024-07-24T00:00:00.000Z,3.8
2024-07-25T00:00:00.000Z,2.33
2024-07-26T00:00:00.000Z,2.0
2024-07-27T00:00:00.000Z,3.47
2024-07-28T00:00:00.000Z,4.0
2024-07-29T00:00:00.000Z,3.88
2024-07-30T00:00:00.000Z,3.35
2024-07-31T00:00:00.000Z,3.75
2024-08-01T00:00:00.000Z,6.97
2024-08-02T00:00:00.000Z,6.49
2024-08-03T00:00:00.000Z,5.47
2024-08-04T00:00:00.000Z,3.1
2024-08-05T00:00:00.000Z,4.22
2024-08-06T00:00:00.000Z,4.9
2024-08-07T00:00:00.000Z,5.63
2024-08-08T00:00:00.000Z,4.47
2024-08-09T00:00:00.000Z,4.34
2024-08-10T00:00:00.000Z,4.0
2024-08-11T00:00:00.000Z,3.6
2024-08-12T00:00:00.000Z,3.72
2024-08-13T00:00:00.000Z,3.97
2024-08-14T00:00:00.000Z,3.75
2024-08-15T00:00:00.000Z,4.82
2024-08-16T00:00:00.000Z,5.3
2024-08-17T00:00:00.000Z,3.72
2024-08-18T00:00:00.000Z,2.95
2024-08-19T00:00:00.000Z,3.47
2024-08-20T00:00:00.000Z,6.68
2024-08-21T00:00:00.000Z,5.4
2024-08-22T00:00:00.000Z,9.82
2024-08-23T00:00:00.000Z,9.18
2024-08-24T00:00:00.000Z,5.18
2024-08-25T00:00:00.000Z,7.25
2024-08-26T00:00:00.000Z,8.77
2024-08-27T00:00:00.000Z,10.6
2024-08-28T00:00:00.000Z,9.4
2024-08-29T00:00:00.000Z,10.13
2024-08-30T00:00:00.000Z,8.98
2024-08-31T00:00:00.000Z,8.55
2024-09-01T00:00:00.000Z,8.05
2024-09-02T00:00:00.000Z,8.52
2024-09-03T00:00:00.000Z,7.0
2024-09-04T00:00:00.000Z,8.26
2024-09-05T00:00:00.000Z,5.44
2024-09-06T00:00:00.000Z,3.95
2024-09-07T00:00:00.000Z,3.0
2024-09-08T00:00:00.000Z,4.34
2024-09-09T00:00:00.000Z,1.65
2024-09-10T00:00:00.000Z,2.38
2024-09-11T00:00:00.000Z,2.5
2024-09-12T00:00:00.000Z,1.48
2024-09-13T00:00:00.000Z,0.6
2024-09-14T00:00:00.000Z,0.43
2024-09-15T00:00:00.000Z,0.6
2024-09-16T00:00:00.000Z,1.3
2024-09-17T00:00:00.000Z,1.55
2024-09-18T00:00:00.000Z,21.27
2024-09-19T00:00:00.000Z,22.6
2024-09-20T00:00:00.000Z,8.34
2024-09-21T00:00:00.000Z,9.05
2024-09-22T00:00:00.000Z,12.63
2024-09-23T00:00:00.000Z,20.0
2024-09-24T00:00:00.000Z,5.88
2024-09-25T00:00:00.000Z,4.43
2024-09-26T00:00:00.000Z,7.39
2024-09-27T00:00:00.000Z,4.28
2024-09-28T00:00:00.000Z,1.45
2024-09-29T00:00:00.000Z,1.02
2024-09-30T00:00:00.000Z,1.6
2024-10-01T00:00:00.000Z,4.23
2024-10-02T00:00:00.000Z,6.5
2024-10-03T00:00:00.000Z,1.52
2024-10-04T00:00:00.000Z,0.4
2024-10-05T00:00:00.000Z,7.07
2024-10-06T00:00:00.000Z,1.35
2024-10-07T00:00:00.000Z,4.93
2024-10-08T00:00:00.000Z,15.81
2024-10-09T00:00:00.000Z,2.02
2024-10-10T00:00:00.000Z,1.55
2024-10-11T00:00:00.000Z,2.2
2024-10-12T00:00:00.000Z,3.35
2024-10-13T00:00:00.000Z,2.4
2024-10-14T00:00:00.000Z,2.67
2024-10-15T00:00:00.000Z,19.92
2024-10-16T00:00:00.000Z,59.95
2024-10-17T00:00:00.000Z,29.39
2024-10-18T00:00:00.000Z,17.07
2024-10-19T00:00:00.000Z,17.77
2024-10-20T00:00:00.000Z,16.8
2024-10-21T00:00:00.000Z,28.88
2024-10-22T00:00:00.000Z,56.49
2024-10-23T00:00:00.000Z,29.59
2024-10-24T00:00:00.000Z,42.89
2024-10-25T00:00:00.000Z,53.47
2024-10-26T00:00:00.000Z,35.04
2024-10-27T00:00:00.000Z,26.23
2024-10-28T00:00:00.000Z,35.33
2024-10-29T00:00:00.000Z,27.42
2024-10-30T00:00:00.000Z,24.72
2024-10-31T00:00:00.000Z,25.8
2024-11-01T00:00:00.000Z,17.88
2024-11-02T00:00:00.000Z,7.97
2024-11-03T00:00:00.000Z,29.8
2024-11-04T00:00:00.000Z,34.42
2024-11-05T00:00:00.000Z,59.78
2024-11-06T00:00:00.000Z,53.5
2024-11-07T00:00:00.000Z,45.75
2025-04-24T00:00:00.000Z,2.2
2025-04-25T00:00:00.000Z,0.8
2025-04-26T00:00:00.000Z,0.55
2025-04-27T00:00:00.000Z,2.5
2025-04-28T00:00:00.000Z,4.5
2025-04-29T00:00:00.000Z,4.8
2025-04-30T00:00:00.000Z,3.22
2025-05-01T00:00:00.000Z,2.5
2025-05-02T00:00:00.000Z,2.85
2025-05-03T00:00:00.000Z,2.1
2025-05-04T00:00:00.000Z,2.17
2025-05-05T00:00:00.000Z,1.7
2025-05-06T00:00:00.000Z,3.82
2025-05-07T00:00:00.000Z,2.1
2025-05-08T00:00:00.000Z,2.21
2025-05-09T00:00:00.000Z,3.08
2025-05-10T00:00:00.000Z,4.4
2025-05-11T00:00:00.000Z,2.31
2025-05-12T00:00:00.000Z,1.83
2025-05-13T00:00:00.000Z,4.18
2025-05-14T00:00:00.000Z,2.58
2025-05-15T00:00:00.000Z,2.9
2025-05-16T00:00:00.000Z,1.2
2025-05-17T00:00:00.000Z,1.08
2025-05-18T00:00:00.000Z,1.17
2025-05-19T00:00:00.000Z,2.02
2025-05-20T00:00:00.000Z,2.6
2025-05-21T00:00:00.000Z,10.14
2025-05-22T00:00:00.000Z,1.92
2025-05-23T00:00:00.000Z,0.8
2025-05-24T00:00:00.000Z,1.4
2025-05-25T00:00:00.000Z,1.7
2025-05-26T00:00:00.000Z,2.92
2025-05-27T00:00:00.000Z,9.11
2025-05-28T00:00:00.000Z,3.01
2025-05-29T00:00:00.000Z,2.96
2025-05-30T00:00:00.000Z,1.7
2025-05-31T00:00:00.000Z,1.9
2025-06-01T00:00:00.000Z,2.4
2025-06-02T00:00:00.000Z,1.75
2025-06-03T00:00:00.000Z,1.6
2025-06-04T00:00:00.000Z,1.76
2025-06-05T00:00:00.000Z,2.9
2025-06-06T00:00:00.000Z,4.9
2025-06-07T00:00:00.000Z,4.95
2025-06-08T00:00:00.000Z,5.85
2025-06-09T00:00:00.000Z,12.76
2025-06-10T00:00:00.000Z,13.43
2025-06-11T00:00:00.000Z,17.82
2025-06-12T00:00:00.000Z,20.5
2025-06-13T00:00:00.000Z,22.6
2025-06-14T00:00:00.000Z,22.85
2025-06-15T00:00:00.000Z,13.87
2025-06-16T00:00:00.000Z,3.75
2025-06-17T00:00:00.000Z,3.9
2025-06-18T00:00:00.000Z,4.53
2025-06-19T00:00:00.000Z,5.09
2025-06-20T00:00:00.000Z,6.53
2025-06-21T00:00:00.000Z,4.95
2025-06-22T00:00:00.000Z,4.26
2025-06-23T00:00:00.000Z,4.0
2025-06-24T00:00:00.000Z,5.55
2025-06-25T00:00:00.000Z,7.22
2025-06-26T00:00:00.000Z,7.28
2025-06-27T00:00:00.000Z,3.85
2025-06-28T00:00:00.000Z,2.65
2025-06-29T00:00:00.000Z,2.13
2025-06-30T00:00:00.000Z,2.22
2025-07-01T00:00:00.000Z,2.75
2025-07-02T00:00:00.000Z,3.39
2025-07-03T00:00:00.000Z,3.65
2025-07-04T00:00:00.000Z,4.5
2025-07-05T00:00:00.000Z,5.19
2025-07-06T00:00:00.000Z,4.68
2025-07-07T00:00:00.000Z,2.8
2025-07-08T00:00:00.000Z,0.56
2025-07-09T00:00:00.000Z,0.7
2025-07-10T00:00:00.000Z,1.42
2025-07-11T00:00:00.000Z,1.48
2025-07-12T00:00:00.000Z,1.92
2025-07-13T00:00:00.000Z,1.7
2025-07-14T00:00:00.000Z,2.15
2025-07-15T00:00:00.000Z,3.0
2025-07-16T00:00:00.000Z,3.25
2025-07-17T00:00:00.000Z,3.92
2025-07-18T00:00:00.000Z,1.88
2025-07-19T00:00:00.000Z,3.45
2025-07-20T00:00:00.000Z,3.85
2025-07-21T00:00:00.000Z,3.65
2025-07-22T00:00:00.000Z,2.1
2025-07-23T00:00:00.000Z,1.85
2025-07-24T00:00:00.000Z,1.59
2025-07-25T00:00:00.000Z,2.75
2025-07-26T00:00:00.000Z,1.7
2025-07-27T00:00:00.000Z,1.3
2025-07-28T00:00:00.000Z,1.67
2025-07-29T00:00:00.000Z,0.95
2025-07-30T00:00:00.000Z,1.25
2025-07-31T00:00:00.000Z,2.0
2025-08-01T00:00:00.000Z,2.54
2025-08-02T00:00:00.000Z,3.1
2025-08-03T00:00:00.000Z,1.1
2025-08-04T00:00:00.000Z,1.3
2025-08-05T00:00:00.000Z,1.55
2025-08-06T00:00:00.000Z,2.25
2025-08-07T00:00:00.000Z,2.29
2025-08-08T00:00:00.000Z,2.8
2025-08-09T00:00:00.000Z,3.92
2025-08-10T00:00:00.000Z,4.37
2025-08-11T00:00:00.000Z,6.05
2025-08-12T00:00:00.000Z,8.63
2025-08-13T00:00:00.000Z,7.31
2025-08-14T00:00:00.000Z,7.14
2025-08-15T00:00:00.000Z,5.05
2025-08-16T00:00:00.000Z,5.22
2025-08-17T00:00:00.000Z,4.9
2025-08-18T00:00:00.000Z,6.28
2025-08-19T00:00:00.000Z,6.1
2025-08-20T00:00:00.000Z,8.32
2025-08-21T00:00:00.000Z,4.9
2025-08-22T00:00:00.000Z,5.99
2025-08-23T00:00:00.000Z,3.7
2025-08-24T00:00:00.000Z,2.72
2025-08-25T00:00:00.000Z,3.66
2025-08-26T00:00:00.000Z,4.43
2025-08-27T00:00:00.000Z,6.65
2025-08-28T00:00:00.000Z,6.55
2025-08-29T00:00:00.000Z,1.8
2025-08-30T00:00:00.000Z,1.0
2025-08-31T00:00:00.000Z,0.8
2025-09-01T00:00:00.000Z,1.25
2025-09-02T00:00:00.000Z,2.25
2025-09-03T00:00:00.000Z,1.52
2025-09-04T00:00:00.000Z,2.08
2025-09-05T00:00:00.000Z,1.7
2025-09-06T00:00:00.000Z,4.32
2025-09-07T00:00:00.000Z,2.0
2025-09-08T00:00:00.000Z,3.22
2025-09-09T00:00:00.000Z,8.05
2025-09-10T00:00:00.000Z,5.09
2025-09-11T00:00:00.000Z,1.48
2025-09-12T00:00:00.000Z,1.48
2025-09-13T00:00:00.000Z,1.75
2025-09-14T00:00:00.000Z,1.67
2025-09-15T00:00:00.000Z,1.98
2025-09-16T00:00:00.000Z,1.88
2025-09-17T00:00:00.000Z,2.1
2025-09-18T00:00:00.000Z,2.29
2025-09-19T00:00:00.000Z,2.83
2025-09-20T00:00:00.000Z,3.85
2025-09-21T00:00:00.000Z,4.03
2025-09-22T00:00:00.000Z,2.4
2025-09-23T00:00:00.000Z,3.62
2025-09-24T00:00:00.000Z,2.42
2025-09-25T00:00:00.000Z,1.25
2025-09-26T00:00:00.000Z,6.25
2025-09-27T00:00:00.000Z,2.29
2025-09-28T00:00:00.000Z,4.22
2025-09-29T00:00:00.000Z,3.5
2025-09-30T00:00:00.000Z,3.67
2025-10-01T00:00:00.000Z,5.68
2025-10-02T00:00:00.000Z,2.02
2025-10-03T00:00:00.000Z,2.8
2025-10-04T00:00:00.000Z,2.47
2025-10-05T00:00:00.000Z,1.2
2025-10-06T00:00:00.000Z,1.49
2025-10-07T00:00:00.000Z,2.58
2025-10-08T00:00:00.000Z,4.67
2025-10-09T00:00:00.000Z,4.53
2025-10-10T00:00:00.000Z,6.6
2025-10-11T00:00:00.000Z,9.8
2025-10-12T00:00:00.000Z,8.94
2025-10-13T00:00:00.000Z,6.72
2025-10-14T00:00:00.000Z,8.84
2025-10-15T00:00:00.000Z,4.13
2025-10-16T00:00:00.000Z,3.53
2025-10-17T00:00:00.000Z,4.34
2025-10-18T00:00:00.000Z,5.9
2025-10-19T00:00:00.000Z,6.5
2025-10-20T00:00:00.000Z,10.38
2025-10-21T00:00:00.000Z,21.04
2025-10-22T00:00:00.000Z,26.55
2025-10-23T00:00:00.000Z,12.44
2025-10-24T00:00:00.000Z,0.9
2025-10-25T00:00:00.000Z,4.13
2025-10-26T00:00:00.000Z,8.4
2025-10-27T00:00:00.000Z,1.1
2025-10-28T00:00:00.000Z,3.57
2025-10-29T00:00:00.000Z,6.96
2025-10-30T00:00:00.000Z,30.17
2025-10-31T00:00:00.000Z,16.48
2025-11-01T00:00:00.000Z,25.3
2025-11-02T00:00:00.000Z,6.63
2025-11-03T00:00:00.000Z,2.52
2025-11-04T00:00:00.000Z,5.15
2025-11-05T00:00:00.000Z,18.25
2025-11-06T00:00:00.000Z,18.38
2025-11-07T00:00:00.000Z,30.49
2025-11-08T00:00:00.000Z,18.48
2025-11-09T00:00:00.000Z,14.45
2025-11-10T00:00:00.000Z,12.88
2025-11-11T00:00:00.000Z,4.18
